<?xml version="1.0" encoding="utf-8"?>
<odoo>
<!--    To notify about the hr custody return-->
    <record model="ir.cron" id="hr_custody_data_reminders">
        <field name="name">HR Custody Return Notification</field>
        <field name="interval_number">1</field>
        <field name="interval_type">days</field>
        <field name="numbercall">-1</field>
        <field name="doall" eval="False"/>
        <field name="model_id" ref="model_hr_custody"/>
        <field name="state">code</field>
        <field name="code">model.mail_reminder()</field>
    </record>
</odoo>
