<?xml version="1.0" encoding="utf-8"?>
<odoo>
    <!--        Email template to notify the return date-->
    <record id="custody_email_notification_template" model="mail.template">
        <field name="name">Custody e-mail template</field>
        <field name="model_id" ref="ent_hr_custody.model_hr_custody"/>
        <field name="subject">Notification to return company asset- {{
            object.custody_name.name }}
        </field>
        <field name="email_from">{{ object.company_id and
            object.company_id.email or '' }}
        </field>
        <field name="email_to">{{ object.employee.work_email}}</field>
        <field name="body_html" type="html">
            <table border="0" cellpadding="0" cellspacing="0"
                   style="padding-top: 16px; background-color: #F1F1F1; font-family:Verdana, Arial,sans-serif; color: #454748; width: 100%; border-collapse:separate;">
                <tr>
                    <td align="center">
                        <table border="0" cellpadding="0" cellspacing="0"
                               width="590"
                               style="padding: 16px; background-color: white; color: #454748; border-collapse:separate;">
                            <tbody>
                                <!-- HEADER -->
                                <tr>
                                    <td align="center"
                                        style="min-width: 590px;">
                                        <table border="0" cellpadding="0"
                                               cellspacing="0" width="590"
                                               style="min-width: 590px; background-color: white; padding: 0px 8px 0px 8px; border-collapse:separate;">
                                            <tr>
                                                <td valign="middle">
                                                    <span style="font-size: 10px;">
                                                        Notification to
                                                    </span>
                                                    <br/>
                                                    <span style="font-size: 20px; font-weight: bold;">
                                                        Return Company asset -
                                                    </span>
                                                    <span style="font-size: 20px; font-weight: bold;"
                                                          t-out="object.custody_name.name or ''">
                                                        Company Property
                                                    </span>
                                                </td>
                                                <td valign="middle"
                                                    align="right">
                                                    <img t-attf-src="/logo.png?company={{ object.company_id.id }}"
                                                         style="padding: 0px; margin: 0px; height: auto; width: 80px;"
                                                         t-att-alt="object.company_id.name"/>
                                                </td>
                                            </tr>
                                            <tr>
                                                <td colspan="2"
                                                    style="text-align:center;">
                                                    <hr width="100%"
                                                        style="background-color:rgb(204,204,204);border:medium none;clear:both;display:block;font-size:0px;min-height:1px;line-height:0; margin: 16px 0px 16px 0px;"/>
                                                </td>
                                            </tr>
                                        </table>
                                    </td>
                                </tr>
                                <!-- CONTENT -->
                                <tr>
                                    <td align="center"
                                        style="min-width: 590px;">
                                        <table border="0" cellpadding="0"
                                               cellspacing="0" width="590"
                                               style="min-width: 590px; background-color: white; padding: 0px 8px 0px 8px; border-collapse:separate;">
                                            <tr>
                                                <td valign="top"
                                                    style="font-size: 13px;">
                                                    <div>
                                                        Dear
                                                        <t t-out="object.employee.name or ''">
                                                            User
                                                        </t>
                                                        ,
                                                        <br/>
                                                        <br/>
                                                        This Mail is to inform
                                                        that You are in
                                                        possession of the
                                                        company asset
                                                        <b>
                                                            "
                                                            <t t-out="object.custody_name.name or ''">
                                                                Company Property
                                                            </t>
                                                            "
                                                        </b>
                                                        since the Return Date
                                                        <b style="color:red;">
                                                            <t t-out="object.return_date or ''">
                                                                2022/01/30
                                                            </t>
                                                        </b>
                                                        <br/>
                                                        <br/>
                                                        Please kindly return the
                                                        property as soon as
                                                        possible.
                                                        <br/>
                                                        <br/>
                                                        Regards,
                                                        <br/>
                                                        <t t-out="object.company_id.name or ''">
                                                            My Company
                                                        </t>
                                                    </div>
                                                </td>
                                            </tr>
                                            <tr>
                                                <td style="text-align:center;">
                                                    <hr width="100%"
                                                        style="background-color:rgb(204,204,204);border:medium none;clear:both;display:block;font-size:0px;min-height:1px;line-height:0; margin: 16px 0px 16px 0px;"/>
                                                </td>
                                            </tr>
                                        </table>
                                    </td>
                                </tr>
                                <!-- FOOTER -->
                                <tr>
                                    <td align="center"
                                        style="min-width: 590px;">
                                        <table border="0" cellpadding="0"
                                               cellspacing="0" width="590"
                                               style="min-width: 590px; background-color: white; font-size: 11px; padding: 0px 8px 0px 8px; border-collapse:separate;">
                                            <tr>
                                                <td valign="middle"
                                                    align="left">
                                                    <t t-out="object.company_id.name or ''">
                                                        YourCompany
                                                    </t>
                                                </td>
                                            </tr>
                                            <tr>
                                                <td valign="middle" align="left"
                                                    style="opacity: 0.7;">
                                                    <t t-out="object.company_id.phone or ''">
                                                        +1 650-123-4567
                                                    </t>
                                                    <t t-if="object.company_id.email">
                                                        |
                                                        <a t-attf-href="'mailto:%s' % {{ object.company_id.email }}"
                                                           style="text-decoration:none; color: #454748;">
                                                            <t t-out="object.company_id.email or ''">
                                                                info@yourcompany.com
                                                            </t>
                                                        </a>
                                                    </t>
                                                    <t t-if="object.company_id.website">
                                                        |
                                                        <a t-attf-href="'%s' % {{ object.company_id.website }}"
                                                           style="text-decoration:none; color: #454748;">
                                                            <t t-out="object.company_id.website or ''">
                                                                http://www.example.com
                                                            </t>
                                                        </a>
                                                    </t>
                                                </td>
                                            </tr>
                                        </table>
                                    </td>
                                </tr>
                            </tbody>
                        </table>
                    </td>
                </tr>
            </table>
        </field>
        <field name="lang">{{ object.employee.lang }}</field>
        <field name="auto_delete" eval="True"/>
    </record>
</odoo>
